Disease_name,miRNA,sequence,genes,label
Rheumatoid,hsa-mir-124-3,UAAGGCACGCGGUGAAUGCCAA,ITGB1,1
Rheumatoid,hsa-mir-124-3,UAAGGCACGCGGUGAAUGCCAA,NFATC1,1
Rheumatoid,hsa-mir-124-3,UAAGGCACGCGGUGAAUGCCAA,SNAI2,1
Rheumatoid,hsa-mir-124-3,UAAGGCACGCGGUGAAUGCCAA,MAGT1,1
Rheumatoid,hsa-mir-124-3,UAAGGCACGCGGUGAAUGCCAA,CRTC3,1
Rheumatoid,hsa-mir-124-3,UAAGGCACGCGGUGAAUGCCAA,SEMA6A,1
Rheumatoid,hsa-mir-124-3,UAAGGCACGCGGUGAAUGCCAA,FLOT2,1
Rheumatoid,hsa-mir-124-3,UAAGGCACGCGGUGAAUGCCAA,EYA4,1
Rheumatoid,hsa-mir-124-3,UAAGGCACGCGGUGAAUGCCAA,PTPN12,1
Rheumatoid,hsa-mir-124-3,UAAGGCACGCGGUGAAUGCCAA,PRRX2,1
Rheumatoid,hsa-mir-126,UCGUACCGUGAGUAAUAAUGCG,SLC7A5,1
Rheumatoid,hsa-mir-126,UCGUACCGUGAGUAAUAAUGCG,ADAM9,1
Rheumatoid,hsa-mir-126,UCGUACCGUGAGUAAUAAUGCG,IRS1,1
Rheumatoid,hsa-mir-126,UCGUACCGUGAGUAAUAAUGCG,SPRED1,1
Rheumatoid,hsa-mir-126,UCGUACCGUGAGUAAUAAUGCG,CRK,1
Rheumatoid,hsa-mir-126,UCGUACCGUGAGUAAUAAUGCG,SLC15A4,1
Rheumatoid,hsa-mir-126,UCGUACCGUGAGUAAUAAUGCG,TSC1,1
Rheumatoid,hsa-mir-140,CAGUGGUUUUACCCUAUGGUAG,KLF9,1
Rheumatoid,hsa-mir-140,CAGUGGUUUUACCCUAUGGUAG,PRDM1,1
Rheumatoid,hsa-mir-140,CAGUGGUUUUACCCUAUGGUAG,DLST,1
Rheumatoid,hsa-mir-140,CAGUGGUUUUACCCUAUGGUAG,EGR2,1
Rheumatoid,hsa-mir-140,CAGUGGUUUUACCCUAUGGUAG,FBN1,1
Rheumatoid,hsa-mir-140,CAGUGGUUUUACCCUAUGGUAG,ROR1,1
Rheumatoid,hsa-mir-140,CAGUGGUUUUACCCUAUGGUAG,ABHD5,1
Rheumatoid,hsa-mir-140,CAGUGGUUUUACCCUAUGGUAG,HDAC7,1
Rheumatoid,hsa-mir-140,CAGUGGUUUUACCCUAUGGUAG,WDFY3,1
Rheumatoid,hsa-mir-140,CAGUGGUUUUACCCUAUGGUAG,BACH1,1
Rheumatoid,hsa-mir-155,UUAAUGCUAAUCGUGAUAGGGGUU,BACH1,1
Rheumatoid,hsa-mir-155,UUAAUGCUAAUCGUGAUAGGGGUU,IRF2BP2,1
Rheumatoid,hsa-mir-155,UUAAUGCUAAUCGUGAUAGGGGUU,FOS,1
Rheumatoid,hsa-mir-155,UUAAUGCUAAUCGUGAUAGGGGUU,VAV3,1
Rheumatoid,hsa-mir-155,UUAAUGCUAAUCGUGAUAGGGGUU,TSHZ3,1
Rheumatoid,hsa-mir-155,UUAAUGCUAAUCGUGAUAGGGGUU,GABARAPL1,1
Rheumatoid,hsa-mir-155,UUAAUGCUAAUCGUGAUAGGGGUU,CARD11,1
Rheumatoid,hsa-mir-155,UUAAUGCUAAUCGUGAUAGGGGUU,E2F2,1
Rheumatoid,hsa-mir-155,UUAAUGCUAAUCGUGAUAGGGGUU,TRIM32,1
Rheumatoid,hsa-mir-155,UUAAUGCUAAUCGUGAUAGGGGUU,MYB,1
Rheumatoid,hsa-mir-17,CAAAGUGCUUACAGUGCAGGUAG,ITGB8,1
Rheumatoid,hsa-mir-17,CAAAGUGCUUACAGUGCAGGUAG,TXNIP,1
Rheumatoid,hsa-mir-17,CAAAGUGCUUACAGUGCAGGUAG,CLOCK,1
Rheumatoid,hsa-mir-17,CAAAGUGCUUACAGUGCAGGUAG,STK17B,1
Rheumatoid,hsa-mir-17,CAAAGUGCUUACAGUGCAGGUAG,PDCD1LG2,1
Rheumatoid,hsa-mir-17,CAAAGUGCUUACAGUGCAGGUAG,TBC1D9,1
Rheumatoid,hsa-mir-19a,UGUGCAAAUCUAUGCAAAACUGA,ESR1,1
Rheumatoid,hsa-mir-19a,UGUGCAAAUCUAUGCAAAACUGA,ATXN1,1
Rheumatoid,hsa-mir-19a,UGUGCAAAUCUAUGCAAAACUGA,ATG14,1
Rheumatoid,hsa-mir-19a,UGUGCAAAUCUAUGCAAAACUGA,SLC24A3,1
Rheumatoid,hsa-mir-19a,UGUGCAAAUCUAUGCAAAACUGA,LRP2,1
Rheumatoid,hsa-mir-19a,UGUGCAAAUCUAUGCAAAACUGA,DLG5,1
Rheumatoid,hsa-mir-19a,UGUGCAAAUCUAUGCAAAACUGA,AFF1,1
Rheumatoid,hsa-mir-19a,UGUGCAAAUCUAUGCAAAACUGA,TSC1,1
Rheumatoid,hsa-mir-19a,UGUGCAAAUCUAUGCAAAACUGA,KCNJ2,1
Rheumatoid,hsa-mir-19a,UGUGCAAAUCUAUGCAAAACUGA,CLOCK,1
Rheumatoid,hsa-mir-19a,UGUGCAAAUCUAUGCAAAACUGA,ADRB1,1
Rheumatoid,hsa-mir-19a,UGUGCAAAUCUAUGCAAAACUGA,RNF11,1
Rheumatoid,hsa-mir-19b-1,AGUUUUGCAGGUUUGCAUCCAGC,XKR6,1
Rheumatoid,hsa-mir-19b-1,AGUUUUGCAGGUUUGCAUCCAGC,SLC44A1,1
Rheumatoid,hsa-mir-19b-1,AGUUUUGCAGGUUUGCAUCCAGC,ARPC5,1
Rheumatoid,hsa-mir-19b-1,AGUUUUGCAGGUUUGCAUCCAGC,XKR6,1
Rheumatoid,hsa-mir-19b-1,AGUUUUGCAGGUUUGCAUCCAGC,CHL1,1
Rheumatoid,hsa-mir-19b-2,AGUUUUGCAGGUUUGCAUUUCA,XKR6,1
Rheumatoid,hsa-mir-19b-2,AGUUUUGCAGGUUUGCAUUUCA,SLC44A1,1
Rheumatoid,hsa-mir-19b-2,AGUUUUGCAGGUUUGCAUUUCA,ARPC5,1
Rheumatoid,hsa-mir-19b-2,AGUUUUGCAGGUUUGCAUUUCA,XKR6,1
Rheumatoid,hsa-mir-19b-2,AGUUUUGCAGGUUUGCAUUUCA,CHL1,1
Rheumatoid,hsa-mir-221,AGCUACAUUGUCUGCUGGGUUUC,CDKN1B,1
Rheumatoid,hsa-mir-221,AGCUACAUUGUCUGCUGGGUUUC,KIT,1
Rheumatoid,hsa-mir-221,AGCUACAUUGUCUGCUGGGUUUC,FNDC3A,1
Rheumatoid,hsa-mir-221,AGCUACAUUGUCUGCUGGGUUUC,DENND1B,1
Rheumatoid,hsa-mir-221,AGCUACAUUGUCUGCUGGGUUUC,AGTPBP1,1
Rheumatoid,hsa-mir-223,UGUCAGUUUGUCAAAUACCCCA,FBXW7,1
Rheumatoid,hsa-mir-223,UGUCAGUUUGUCAAAUACCCCA,SP3,1
Rheumatoid,hsa-mir-223,UGUCAGUUUGUCAAAUACCCCA,FOXO1,1
Rheumatoid,hsa-mir-223,UGUCAGUUUGUCAAAUACCCCA,F3,1
Rheumatoid,hsa-mir-223,UGUCAGUUUGUCAAAUACCCCA,UBR5,1
Rheumatoid,hsa-mir-223,UGUCAGUUUGUCAAAUACCCCA,HSP90B1,1
Rheumatoid,hsa-mir-223,UGUCAGUUUGUCAAAUACCCCA,FBXO8,1
Rheumatoid,hsa-mir-223,UGUCAGUUUGUCAAAUACCCCA,ADCY7,1
Rheumatoid,hsa-mir-223,UGUCAGUUUGUCAAAUACCCCA,LACC1,1
Rheumatoid,hsa-mir-23a,AUCACAUUGCCAGGGAUUUCC,SEMA6D,1
Rheumatoid,hsa-mir-23a,AUCACAUUGCCAGGGAUUUCC,PPARGC1A,1
Rheumatoid,hsa-mir-23a,AUCACAUUGCCAGGGAUUUCC,PDE4B,1
Rheumatoid,hsa-mir-23a,AUCACAUUGCCAGGGAUUUCC,TOP1,1
Rheumatoid,hsa-mir-23a,AUCACAUUGCCAGGGAUUUCC,VGLL3,1
Rheumatoid,hsa-mir-26b,UUCAAGUAAUUCAGGAUAGGU,TET2,1
Rheumatoid,hsa-mir-26b,UUCAAGUAAUUCAGGAUAGGU,CDK8,1
Rheumatoid,hsa-mir-26b,UUCAAGUAAUUCAGGAUAGGU,SLC7A11,1
Rheumatoid,hsa-mir-26b,UUCAAGUAAUUCAGGAUAGGU,NAB1,1
Rheumatoid,hsa-mir-26b,UUCAAGUAAUUCAGGAUAGGU,LEF1,1
Rheumatoid,hsa-mir-26b,UUCAAGUAAUUCAGGAUAGGU,USP9X,1
Rheumatoid,hsa-mir-27a,UUCACAGUGGCUAAGUUCCGC,TRPV3,1
Rheumatoid,hsa-mir-27a,UUCACAGUGGCUAAGUUCCGC,GAB1,1
Rheumatoid,hsa-mir-27a,UUCACAGUGGCUAAGUUCCGC,MBTD1,1
Rheumatoid,hsa-mir-27a,UUCACAGUGGCUAAGUUCCGC,FBXW7,1
Rheumatoid,hsa-mir-27a,UUCACAGUGGCUAAGUUCCGC,SEMA6A,1
Rheumatoid,hsa-mir-27a,UUCACAGUGGCUAAGUUCCGC,EYA4,1
Rheumatoid,hsa-mir-29a,UAGCACCAUCUGAAAUCGGUUA,TET1,1
Rheumatoid,hsa-mir-29a,UAGCACCAUCUGAAAUCGGUUA,FBN1,1
Rheumatoid,hsa-mir-29a,UAGCACCAUCUGAAAUCGGUUA,COL3A1,1
Rheumatoid,hsa-mir-29a,UAGCACCAUCUGAAAUCGGUUA,DNMT3A,1
Rheumatoid,hsa-mir-29a,UAGCACCAUCUGAAAUCGGUUA,HAS3,1
Rheumatoid,hsa-mir-338,UCCAGCAUCAGUGAUUUUGUUG,CBL,1
Rheumatoid,hsa-mir-338,UCCAGCAUCAGUGAUUUUGUUG,PTEN,1
Rheumatoid,hsa-mir-338,UCCAGCAUCAGUGAUUUUGUUG,SEMA6D,1
Rheumatoid,hsa-mir-338,UCCAGCAUCAGUGAUUUUGUUG,TPH2,1
Rheumatoid,hsa-mir-338,UCCAGCAUCAGUGAUUUUGUUG,SDCBP2,1
Rheumatoid,hsa-mir-34a,UGGCAGUGUCUUAGCUGGUUGU,FAM167A,1
Rheumatoid,hsa-mir-34a,UGGCAGUGUCUUAGCUGGUUGU,FKBP1B,1
Rheumatoid,hsa-mir-34a,UGGCAGUGUCUUAGCUGGUUGU,SYT1,1
Rheumatoid,hsa-mir-34a,UGGCAGUGUCUUAGCUGGUUGU,FLOT2,1
Rheumatoid,hsa-mir-451,AAACCGUUACCAUUACUGAGUU,PSMB8,1
Rheumatoid,hsa-mir-451,AAACCGUUACCAUUACUGAGUU,CXCL16,1
Rheumatoid,hsa-mir-451,AAACCGUUACCAUUACUGAGUU,ST8SIA4,1
Rheumatoid,hsa-mir-451,AAACCGUUACCAUUACUGAGUU,MIF,1
Rheumatoid,hsa-mir-451,AAACCGUUACCAUUACUGAGUU,PMM2,1
Rheumatoid,hsa-mir-451,AAACCGUUACCAUUACUGAGUU,S1PR2,1
Rheumatoid,hsa-mir-573,CUGAAGUGAUGUGUAACUGAUCAG,SATB2,1
Rheumatoid,hsa-mir-573,CUGAAGUGAUGUGUAACUGAUCAG,ITGB8,1
Rheumatoid,hsa-mir-573,CUGAAGUGAUGUGUAACUGAUCAG,CCNL2,1
Rheumatoid,hsa-mir-573,CUGAAGUGAUGUGUAACUGAUCAG,MLANA,1
Rheumatoid,hsa-mir-573,CUGAAGUGAUGUGUAACUGAUCAG,CYP7B1,1
Rheumatoid,hsa-mir-650,AGGAGGCAGCGCUCUCAGGAC,NCOA1,1
Rheumatoid,hsa-mir-650,AGGAGGCAGCGCUCUCAGGAC,KLF6,1
Rheumatoid,hsa-mir-650,AGGAGGCAGCGCUCUCAGGAC,CHST2,1
Rheumatoid,hsa-mir-650,AGGAGGCAGCGCUCUCAGGAC,GCLM,1
Rheumatoid,hsa-mir-650,AGGAGGCAGCGCUCUCAGGAC,PRR3,1
Rheumatoid,hsa-mir-650,AGGAGGCAGCGCUCUCAGGAC,VCAN,1
Rheumatoid,hsa-mir-708,AAGGAGCUUACAAUCUAGCUGGG,IKBKB,1
Rheumatoid,hsa-mir-708,AAGGAGCUUACAAUCUAGCUGGG,GPM6A,1
Rheumatoid,hsa-mir-708,AAGGAGCUUACAAUCUAGCUGGG,GIT2,1
Rheumatoid,hsa-mir-708,AAGGAGCUUACAAUCUAGCUGGG,TRIM23,1
Rheumatoid,hsa-mir-708,AAGGAGCUUACAAUCUAGCUGGG,RORA,1
Rheumatoid,hsa-mir-708,AAGGAGCUUACAAUCUAGCUGGG,FGB,1
Type 1 ,hsa-mir-149,UCUGGCUCCGUGUCUUCACUCCC,USP10,1
Type 1 ,hsa-mir-149,UCUGGCUCCGUGUCUUCACUCCC,ADCY1,1
Type 1 ,hsa-mir-149,UCUGGCUCCGUGUCUUCACUCCC,CNTNAP2,1
Type 1 ,hsa-mir-192,CUGACCUAUGAAUUGACAGCC,BHLHE22,1
Type 1 ,hsa-mir-192,CUGACCUAUGAAUUGACAGCC,ZEB2,1
Type 1 ,hsa-mir-192,CUGACCUAUGAAUUGACAGCC,EREG,1
Type 1 ,hsa-mir-192,CUGACCUAUGAAUUGACAGCC,IFI44L,1
Type 1 ,hsa-mir-192,CUGACCUAUGAAUUGACAGCC,SCN3A,1
Type 1 ,hsa-mir-192,CUGACCUAUGAAUUGACAGCC,TMPO,1
Type 1 ,hsa-mir-21,UAGCUUAUCAGACUGAUGUUGA,FASLG,1
Type 1 ,hsa-mir-21,UAGCUUAUCAGACUGAUGUUGA,VCL,1
Type 1 ,hsa-mir-21,UAGCUUAUCAGACUGAUGUUGA,TGFBI,1
Type 1 ,hsa-mir-21,UAGCUUAUCAGACUGAUGUUGA,IL12A,1
Type 1 ,hsa-mir-21,UAGCUUAUCAGACUGAUGUUGA,PELI1,1
Type 1 ,hsa-mir-21,UAGCUUAUCAGACUGAUGUUGA,PBRM1,1
Type 1 ,hsa-mir-23b,AUCACAUUGCCAGGGAUUACCAC,PPARGC1A,1
Type 1 ,hsa-mir-23b,AUCACAUUGCCAGGGAUUACCAC,SEMA6D,1
Type 1 ,hsa-mir-23b,AUCACAUUGCCAGGGAUUACCAC,PDE4B,1
Type 1 ,hsa-mir-23b,AUCACAUUGCCAGGGAUUACCAC,TOP1,1
Type 1 ,hsa-mir-23b,AUCACAUUGCCAGGGAUUACCAC,VGLL3,1
Type 1 ,hsa-mir-23b,AUCACAUUGCCAGGGAUUACCAC,MRC1,1
Multiple Sclerosis,hsa-mir-132,UAACAGUCUACAGCCAUGGUCG,LEMD3,1
Multiple Sclerosis,hsa-mir-132,UAACAGUCUACAGCCAUGGUCG,CBLL1,1
Multiple Sclerosis,hsa-mir-132,UAACAGUCUACAGCCAUGGUCG,MAPK1,1
Multiple Sclerosis,hsa-mir-132,UAACAGUCUACAGCCAUGGUCG,GTF2H1,1
Multiple Sclerosis,hsa-mir-132,UAACAGUCUACAGCCAUGGUCG,MELK,1
Multiple Sclerosis,hsa-mir-15b,UAGCAGCACAUCAUGGUUUACA,PAPPA,1
Multiple Sclerosis,hsa-mir-15b,UAGCAGCACAUCAUGGUUUACA,FGF2,1
Multiple Sclerosis,hsa-mir-15b,UAGCAGCACAUCAUGGUUUACA,LSM11,1
Multiple Sclerosis,hsa-mir-326,CCUCUGGGCCCUUCCUCCAG,ETS1,1
Multiple Sclerosis,hsa-mir-326,CCUCUGGGCCCUUCCUCCAG,ITGA5,1
Multiple Sclerosis,hsa-mir-326,CCUCUGGGCCCUUCCUCCAG,NFATC2,1
Multiple Sclerosis,hsa-mir-326,CCUCUGGGCCCUUCCUCCAG,FNDC3A,1
Multiple Sclerosis,hsa-mir-448,UUGCAUAUGUAGGAUGUCCCAU,KCNQ4,1
Multiple Sclerosis,hsa-mir-448,UUGCAUAUGUAGGAUGUCCCAU,EPHA4,1
Multiple Sclerosis,hsa-mir-448,UUGCAUAUGUAGGAUGUCCCAU,SOCS5,1
Multiple Sclerosis,hsa-mir-448,UUGCAUAUGUAGGAUGUCCCAU,DENND1B,1
Multiple Sclerosis,hsa-mir-448,UUGCAUAUGUAGGAUGUCCCAU,BCL2,1
Multiple Sclerosis,hsa-mir-16,UAGCAGCACGUAAAUAUUGGCG,PAPPA,1
Multiple Sclerosis,hsa-mir-16,UAGCAGCACGUAAAUAUUGGCG,FGF2,1
Multiple Sclerosis,hsa-mir-16,UAGCAGCACGUAAAUAUUGGCG,LSM11,1
Multiple Sclerosis,hsa-mir-16,UAGCAGCACGUAAAUAUUGGCG,CCNE1,1
Multiple Sclerosis,hsa-mir-16,UAGCAGCACGUAAAUAUUGGCG,ATG14,1
Multiple Sclerosis,hsa-mir-150,UCUCCCAACCCUUGUACCAGUG,P2RX7,1
Multiple Sclerosis,hsa-mir-150,UCUCCCAACCCUUGUACCAGUG,MYB,1
Multiple Sclerosis,hsa-mir-150,UCUCCCAACCCUUGUACCAGUG,PAPPA,1
Multiple Sclerosis,hsa-mir-150,UCUCCCAACCCUUGUACCAGUG,FADS1,1
Multiple Sclerosis,hsa-mir-150,UCUCCCAACCCUUGUACCAGUG,HILPDA,1
Multiple Sclerosis,hsa-mir-27b,UUCACAGUGGCUAAGUUCUGC,TRPV3,1
Multiple Sclerosis,hsa-mir-27b,UUCACAGUGGCUAAGUUCUGC,GAB1,1
Multiple Sclerosis,hsa-mir-27b,UUCACAGUGGCUAAGUUCUGC,MBTD1,1
Multiple Sclerosis,hsa-mir-27b,UUCACAGUGGCUAAGUUCUGC,FBXW7,1
Multiple Sclerosis,hsa-mir-27b,UUCACAGUGGCUAAGUUCUGC,SEMA6A,1
Multiple Sclerosis,hsa-mir-122,UGGAGUGUGACAAUGGUGUUUG,MCAM,1
Multiple Sclerosis,hsa-mir-122,UGGAGUGUGACAAUGGUGUUUG,HNRNPU,1
Multiple Sclerosis,hsa-mir-122,UGGAGUGUGACAAUGGUGUUUG,CD40LG,1
Multiple Sclerosis,hsa-mir-122,UGGAGUGUGACAAUGGUGUUUG,MYO9A,1
Multiple Sclerosis,hsa-mir-122,UGGAGUGUGACAAUGGUGUUUG,GABRA3,1
Multiple Sclerosis,hsa-mir-122,UGGAGUGUGACAAUGGUGUUUG,RAVER1,1
Multiple Sclerosis,hsa-mir-2278,GAGAGCAGUGUGUGUUGCCUGG,TNFAIP3,1
Multiple Sclerosis,hsa-mir-2278,GAGAGCAGUGUGUGUUGCCUGG,NRAS,1
Multiple Sclerosis,hsa-mir-2278,GAGAGCAGUGUGUGUUGCCUGG,RHOA,1
Multiple Sclerosis,hsa-mir-2278,GAGAGCAGUGUGUGUUGCCUGG,IKZF2,1
Multiple Sclerosis,hsa-mir-2278,GAGAGCAGUGUGUGUUGCCUGG,TYRP1,1
Multiple Sclerosis,hsa-mir-24,UGGCUCAGUUCAGCAGGAACAG,IL1B,1
Multiple Sclerosis,hsa-mir-24,UGGCUCAGUUCAGCAGGAACAG,CHST4,1
Multiple Sclerosis,hsa-mir-24,UGGCUCAGUUCAGCAGGAACAG,BCL2L11,1
Multiple Sclerosis,hsa-mir-24,UGGCUCAGUUCAGCAGGAACAG,TOP1,1
Multiple Sclerosis,hsa-mir-24,UGGCUCAGUUCAGCAGGAACAG,PTGER4,1
Multiple Sclerosis,hsa-mir-92a,UAUUGCACUUGUCCCGGCCUGU,CD69,1
Multiple Sclerosis,hsa-mir-92a,UAUUGCACUUGUCCCGGCCUGU,FBXW7,1
Multiple Sclerosis,hsa-mir-92a,UAUUGCACUUGUCCCGGCCUGU,MAN2A1,1
Multiple Sclerosis,hsa-mir-92a,UAUUGCACUUGUCCCGGCCUGU,BTG2,1
Multiple Sclerosis,hsa-mir-92a,UAUUGCACUUGUCCCGGCCUGU,FBN1,1
Multiple Sclerosis,hsa-mir-92a,UAUUGCACUUGUCCCGGCCUGU,PIKFYVE,1
Multiple Sclerosis,hsa-mir-92a,UAUUGCACUUGUCCCGGCCUGU,ITGAV,1
Multiple Sclerosis,hsa-mir-29b,UAGCACCAUUUGAAAUCAGUGUU,TNFAIP3,1
Multiple Sclerosis,hsa-mir-29b,UAGCACCAUUUGAAAUCAGUGUU,FBN1,1
Multiple Sclerosis,hsa-mir-29b,UAGCACCAUUUGAAAUCAGUGUU,COL3A1,1
Multiple Sclerosis,hsa-mir-29b,UAGCACCAUUUGAAAUCAGUGUU,DNMT3A,1
Multiple Sclerosis,hsa-mir-29b,UAGCACCAUUUGAAAUCAGUGUU,HAS3,1
Multiple Sclerosis,hsa-mir-197,UUCACCACCUUCUCCACCCAGC,IL1RAP,1
Multiple Sclerosis,hsa-mir-197,UUCACCACCUUCUCCACCCAGC,CDK8,1
Multiple Sclerosis,hsa-mir-197,UUCACCACCUUCUCCACCCAGC,IGFBP3,1
Multiple Sclerosis,hsa-mir-197,UUCACCACCUUCUCCACCCAGC,MAPK8,1
Multiple Sclerosis,hsa-mir-22,AAGCUGCCAGUUGAAGAACUGU,HLA-DRB1,1
Multiple Sclerosis,hsa-mir-22,AAGCUGCCAGUUGAAGAACUGU,ESR1,1
Multiple Sclerosis,hsa-mir-22,AAGCUGCCAGUUGAAGAACUGU,IL17RD,1
Multiple Sclerosis,hsa-mir-22,AAGCUGCCAGUUGAAGAACUGU,ERBB3,1
Multiple Sclerosis,hsa-mir-22,AAGCUGCCAGUUGAAGAACUGU,SIRT1,1
Multiple Sclerosis,hsa-mir-629,GUUCUCCCAACGUAAGCCCAGC,IL2RA,1
Multiple Sclerosis,hsa-mir-629,GUUCUCCCAACGUAAGCCCAGC,ARHGEF28,1
Multiple Sclerosis,hsa-mir-629,GUUCUCCCAACGUAAGCCCAGC,PAPPA,1
Multiple Sclerosis,hsa-mir-629,GUUCUCCCAACGUAAGCCCAGC,ATP8A2,1
Multiple Sclerosis,hsa-mir-629,GUUCUCCCAACGUAAGCCCAGC,ITGAX,1
Multiple Sclerosis,hsa-mir-31,AGGCAAGAUGCUGGCAUAGCU,ICAM1,1
Multiple Sclerosis,hsa-mir-31,AGGCAAGAUGCUGGCAUAGCU,SLC1A2,1
Multiple Sclerosis,hsa-mir-31,AGGCAAGAUGCUGGCAUAGCU,SGMS1,1
Multiple Sclerosis,hsa-mir-31,AGGCAAGAUGCUGGCAUAGCU,HLA-A,1
Multiple Sclerosis,hsa-mir-31,AGGCAAGAUGCUGGCAUAGCU,LBH,1
Multiple Sclerosis,hsa-mir-31,AGGCAAGAUGCUGGCAUAGCU,SH2D1A,1
Multiple Sclerosis,hsa-mir-141,UAACACUGUCUGGUAAAGAUGG,TNFAIP3,1
Multiple Sclerosis,hsa-mir-141,UAACACUGUCUGGUAAAGAUGG,ZEB2,1
Multiple Sclerosis,hsa-mir-141,UAACACUGUCUGGUAAAGAUGG,ATXN1,1
Multiple Sclerosis,hsa-mir-141,UAACACUGUCUGGUAAAGAUGG,WDFY3,1
Multiple Sclerosis,hsa-mir-141,UAACACUGUCUGGUAAAGAUGG,RSAD2,1
Multiple Sclerosis,hsa-mir-145,GUCCAGUUUUCCCAGGAAUCCCU,IFNB1,1
Multiple Sclerosis,hsa-mir-145,GUCCAGUUUUCCCAGGAAUCCCU,FSCN1,1
Multiple Sclerosis,hsa-mir-145,GUCCAGUUUUCCCAGGAAUCCCU,FLI1,1
Multiple Sclerosis,hsa-mir-145,GUCCAGUUUUCCCAGGAAUCCCU,MBTD1,1
Multiple Sclerosis,hsa-mir-145,GUCCAGUUUUCCCAGGAAUCCCU,ABCE1,1
Multiple Sclerosis,hsa-mir-145,GUCCAGUUUUCCCAGGAAUCCCU,ITGB8,1
Multiple Sclerosis,hsa-mir-145,GUCCAGUUUUCCCAGGAAUCCCU,SMAD3,1
Multiple Sclerosis,hsa-mir-9,GUCCAGUUUUCCCAGGAAUCCCU,KIF1B,1
Multiple Sclerosis,hsa-mir-9,GUCCAGUUUUCCCAGGAAUCCCU,FSCN1,1
Multiple Sclerosis,hsa-mir-9,GUCCAGUUUUCCCAGGAAUCCCU,FLI1,1
Multiple Sclerosis,hsa-mir-9,GUCCAGUUUUCCCAGGAAUCCCU,MBTD1,1
Multiple Sclerosis,hsa-mir-9,GUCCAGUUUUCCCAGGAAUCCCU,ABCE1,1
Multiple Sclerosis,hsa-mir-9,GUCCAGUUUUCCCAGGAAUCCCU,ITGB8,1
Multiple Sclerosis,hsa-mir-214,ACAGCAGGCACAGACAGGCAGU,KIF1B,1
Multiple Sclerosis,hsa-mir-214,ACAGCAGGCACAGACAGGCAGU,RC3H1,1
Multiple Sclerosis,hsa-mir-214,ACAGCAGGCACAGACAGGCAGU,GSK3B,1
Multiple Sclerosis,hsa-mir-214,ACAGCAGGCACAGACAGGCAGU,MFN2,1
Multiple Sclerosis,hsa-mir-214,ACAGCAGGCACAGACAGGCAGU,SEC24C,1
Multiple Sclerosis,hsa-mir-214,ACAGCAGGCACAGACAGGCAGU,MAPK1,1
Multiple Sclerosis,hsa-mir-491,AGUGGGGAACCCUUCCAUGAGG,SEMA6A,1
Multiple Sclerosis,hsa-mir-491,AGUGGGGAACCCUUCCAUGAGG,MSN,1
Multiple Sclerosis,hsa-mir-491,AGUGGGGAACCCUUCCAUGAGG,IGF2,1
Multiple Sclerosis,hsa-mir-491,AGUGGGGAACCCUUCCAUGAGG,KIF21B,1
Multiple Sclerosis,hsa-mir-491,AGUGGGGAACCCUUCCAUGAGG,GALNT2,1
Multiple Sclerosis,hsa-mir-486,UCCUGUACUGAGCUGCCCCGAG,CD40,1
Multiple Sclerosis,hsa-mir-486,UCCUGUACUGAGCUGCCCCGAG,SNRPD1,1
Multiple Sclerosis,hsa-mir-486,UCCUGUACUGAGCUGCCCCGAG,FOXO1,1
Multiple Sclerosis,hsa-mir-486,UCCUGUACUGAGCUGCCCCGAG,DCC,1
Multiple Sclerosis,hsa-mir-486,UCCUGUACUGAGCUGCCCCGAG,PTEN,1
Multiple Sclerosis,hsa-mir-486,UCCUGUACUGAGCUGCCCCGAG,MRTFA,1
Multiple Sclerosis,hsa-mir-200a,UAACACUGUCUGGUAACGAUGU,VCAM1,1
Multiple Sclerosis,hsa-mir-200a,UAACACUGUCUGGUAACGAUGU,ZEB2,1
Multiple Sclerosis,hsa-mir-200a,UAACACUGUCUGGUAACGAUGU,ATXN1,1
Multiple Sclerosis,hsa-mir-200a,UAACACUGUCUGGUAACGAUGU,WDFY3,1
Multiple Sclerosis,hsa-mir-200a,UAACACUGUCUGGUAACGAUGU,RSAD2,1
Multiple Sclerosis,hsa-mir-200a,UAACACUGUCUGGUAACGAUGU,DEK,1
Lupus,hsa-mir-130b,CAGUGCAAUGAUGAAAGGGCAU,MMP2,1
Lupus,hsa-mir-130b,CAGUGCAAUGAUGAAAGGGCAU,CLIP1,1
Lupus,hsa-mir-130b,CAGUGCAAUGAUGAAAGGGCAU,GJA1,1
Lupus,hsa-mir-130b,CAGUGCAAUGAUGAAAGGGCAU,ESR1,1
Lupus,hsa-mir-130b,CAGUGCAAUGAUGAAAGGGCAU,TSC1,1
Lupus,hsa-mir-130b,CAGUGCAAUGAUGAAAGGGCAU,IGF1,1
Lupus,hsa-mir-130b,CAGUGCAAUGAUGAAAGGGCAU,CHST1,1
Lupus,hsa-mir-130b,CAGUGCAAUGAUGAAAGGGCAU,MECP2,1
Lupus,hsa-mir-130b,CAGUGCAAUGAUGAAAGGGCAU,FMR1,1
Lupus,hsa-mir-130b,CAGUGCAAUGAUGAAAGGGCAU,ZBTB20,1
Lupus,hsa-mir-1224,CCCCACCUCCUCUCUCCUCAG,FCGR3B,1
Lupus,hsa-mir-1224,CCCCACCUCCUCUCUCCUCAG,FBLN1,1
Lupus,hsa-mir-1224,CCCCACCUCCUCUCUCCUCAG,RNF41,1
Lupus,hsa-mir-1224,CCCCACCUCCUCUCUCCUCAG,ELAVL1,1
Lupus,hsa-mir-148a,UCAGUGCACUACAGAACUUUGU,LDLR,1
Lupus,hsa-mir-148a,UCAGUGCACUACAGAACUUUGU,BCL2L11,1
Lupus,hsa-mir-148a,UCAGUGCACUACAGAACUUUGU,CBLB,1
Lupus,hsa-mir-148a,UCAGUGCACUACAGAACUUUGU,KMT2A,1
Lupus,hsa-mir-148a,UCAGUGCACUACAGAACUUUGU,ATP6AP2,1
Lupus,hsa-mir-371,AAGUGCCGCCAUCUUUUGAGUGU,TOB1,1
Lupus,hsa-mir-371,AAGUGCCGCCAUCUUUUGAGUGU,AGO1,1
Lupus,hsa-mir-371,AAGUGCCGCCAUCUUUUGAGUGU,BCL11B,1
Lupus,hsa-mir-371,AAGUGCCGCCAUCUUUUGAGUGU,MALT1,1
Lupus,hsa-mir-371,AAGUGCCGCCAUCUUUUGAGUGU,HIVEP3,1
Graves,hsa-mir-183,UAUGGCACUGGUAGAAUUCACU,B3GNT2,1
Graves,hsa-mir-183,UAUGGCACUGGUAGAAUUCACU,MEF2C,1
Graves,hsa-mir-183,UAUGGCACUGGUAGAAUUCACU,TMPO,1
Graves,hsa-mir-183,UAUGGCACUGGUAGAAUUCACU,ITGB1,1
Graves,hsa-mir-183,UAUGGCACUGGUAGAAUUCACU,ICA1,1
Graves,hsa-mir-101,UACAGUACUGUGAUAACUGAA,ARID5B,1
Graves,hsa-mir-101,UACAGUACUGUGAUAACUGAA,ATXN1,1
Graves,hsa-mir-101,UACAGUACUGUGAUAACUGAA,TET2,1
Graves,hsa-mir-101,UACAGUACUGUGAUAACUGAA,ARID1A,1
Graves,hsa-mir-101,UACAGUACUGUGAUAACUGAA,CDK8,1
Graves,hsa-mir-101,UACAGUACUGUGAUAACUGAA,ZFP36L2,1
Graves,hsa-mir-146a,UGAGAACUGAAUUCCAUGGGUU,TRAF6,1
Graves,hsa-mir-146a,UGAGAACUGAAUUCCAUGGGUU,IRAK1,1
Graves,hsa-mir-146a,UGAGAACUGAAUUCCAUGGGUU,NOVA1,1
Graves,hsa-mir-146a,UGAGAACUGAAUUCCAUGGGUU,CARD10,1
Graves,hsa-mir-146a,UGAGAACUGAAUUCCAUGGGUU,C9orf72,1
Graves,hsa-mir-346,UGUCUGCCCGCAUGCCUGCCUCU,ROR1,1
Graves,hsa-mir-346,UGUCUGCCCGCAUGCCUGCCUCU,POU2F1,1
Graves,hsa-mir-346,UGUCUGCCCGCAUGCCUGCCUCU,BCL6,1
Graves,hsa-mir-346,UGUCUGCCCGCAUGCCUGCCUCU,SLAMF1,1
Graves,hsa-mir-346,UGUCUGCCCGCAUGCCUGCCUCU,LDAH,1
Celiac Disease ,hsa-mir-194,UGUAACAGCAACUCCAUGUGGA,ICOSLG,1
Celiac Disease ,hsa-mir-194,UGUAACAGCAACUCCAUGUGGA,HBEGF,1
Celiac Disease ,hsa-mir-194,UGUAACAGCAACUCCAUGUGGA,DISC1,1
Celiac Disease ,hsa-mir-194,UGUAACAGCAACUCCAUGUGGA,CADM1,1
Celiac Disease ,hsa-mir-194,UGUAACAGCAACUCCAUGUGGA,LURAP1L,1
Celiac Disease ,hsa-mir-30a,UGUAAACAUCCUCGACUGGAAG,TGM2,1
Celiac Disease ,hsa-mir-30a,UGUAAACAUCCUCGACUGGAAG,NFAT5,1
Celiac Disease ,hsa-mir-30a,UGUAAACAUCCUCGACUGGAAG,PPARGC1B,1
Celiac Disease ,hsa-mir-30a,UGUAAACAUCCUCGACUGGAAG,SCN2A,1
Celiac Disease ,hsa-mir-30a,UGUAAACAUCCUCGACUGGAAG,RORA,1
Celiac Disease ,hsa-mir-30a,UGUAAACAUCCUCGACUGGAAG,CELSR3,1
Psoriasis ,hsa-mir-130a,CAGUGCAAUGUUAAAAGGGCAU,SOD2,1
Psoriasis ,hsa-mir-130a,CAGUGCAAUGUUAAAAGGGCAU,CLIP1,1
Psoriasis ,hsa-mir-130a,CAGUGCAAUGUUAAAAGGGCAU,GJA1,1
Psoriasis ,hsa-mir-130a,CAGUGCAAUGUUAAAAGGGCAU,ESR1,1
Psoriasis ,hsa-mir-130a,CAGUGCAAUGUUAAAAGGGCAU,TSC1,1
Psoriasis ,hsa-mir-130a,CAGUGCAAUGUUAAAAGGGCAU,IGF1,1
Psoriasis ,hsa-mir-143,UGAGAUGAAGCACUGUAGCUC,TRAF3IP2,1
Psoriasis ,hsa-mir-143,UGAGAUGAAGCACUGUAGCUC,ABL2,1
Psoriasis ,hsa-mir-143,UGAGAUGAAGCACUGUAGCUC,DENND1B,1
Psoriasis ,hsa-mir-143,UGAGAUGAAGCACUGUAGCUC,KRAS,1
Psoriasis ,hsa-mir-143,UGAGAUGAAGCACUGUAGCUC,BRD2,1
Psoriasis ,hsa-let-7a,UGAGGUAGUAGGUUGUAUAGUU,PAPPA,1
Psoriasis ,hsa-let-7a,UGAGGUAGUAGGUUGUAUAGUU,NRAS,1
Psoriasis ,hsa-let-7a,UGAGGUAGUAGGUUGUAUAGUU,USP44,1
Psoriasis ,hsa-mir-106a,AAAAGUGCUUACAGUGCAGGUAG,SOD2,1
Psoriasis ,hsa-mir-106a,AAAAGUGCUUACAGUGCAGGUAG,ITGB8,1
Psoriasis ,hsa-mir-106a,AAAAGUGCUUACAGUGCAGGUAG,TXNIP,1
Psoriasis ,hsa-mir-106a,AAAAGUGCUUACAGUGCAGGUAG,CLOCK,1
Psoriasis ,hsa-mir-423,AGCUCGGUCUGAGGCCCCUCAGU,FBXL19,1
Psoriasis ,hsa-mir-423,AGCUCGGUCUGAGGCCCCUCAGU,CREM,1
Psoriasis ,hsa-mir-423,AGCUCGGUCUGAGGCCCCUCAGU,RAC1,1
Psoriasis ,hsa-mir-423,AGCUCGGUCUGAGGCCCCUCAGU,ESRRA,1
Psoriasis ,hsa-mir-423,AGCUCGGUCUGAGGCCCCUCAGU,CRK,1
Psoriasis ,hsa-mir-20a,UAAAGUGCUUAUAGUGCAGGUAG,SOD2,1
Psoriasis ,hsa-mir-20a,UAAAGUGCUUAUAGUGCAGGUAG,GPR6,1
Psoriasis ,hsa-mir-20a,UAAAGUGCUUAUAGUGCAGGUAG,ITGB8,1
Psoriasis ,hsa-mir-20a,UAAAGUGCUUAUAGUGCAGGUAG,TXNIP,1
Psoriasis ,hsa-mir-20a,UAAAGUGCUUAUAGUGCAGGUAG,CLOCK,1
Psoriasis ,hsa-mir-369,AAUAAUACAUGGUUGAUCUUU,VEGFA,1
Psoriasis ,hsa-mir-369,AAUAAUACAUGGUUGAUCUUU,VEGFC,1
Psoriasis ,hsa-mir-369,AAUAAUACAUGGUUGAUCUUU,ZSWIM6,1
Psoriasis ,hsa-mir-369,AAUAAUACAUGGUUGAUCUUU,CEBPB,1
Psoriasis ,hsa-mir-369,AAUAAUACAUGGUUGAUCUUU,ADAMTS6,1
Psoriasis ,hsa-mir-369,AAUAAUACAUGGUUGAUCUUU,PDE4B,1
Psoriasis ,hsa-mir-340,UCCGUCUCAGUUACUUUAUAGC,TAPBP,1
Psoriasis ,hsa-mir-340,UCCGUCUCAGUUACUUUAUAGC,TMEM170A,1
Psoriasis ,hsa-mir-340,UCCGUCUCAGUUACUUUAUAGC,TPM3,1
Psoriasis ,hsa-mir-340,UCCGUCUCAGUUACUUUAUAGC,SPACA9,1
Psoriasis ,hsa-mir-340,UCCGUCUCAGUUACUUUAUAGC,CTSV,1
Psoriasis ,hsa-mir-146b,UGAGAACUGAAUUCCAUAGGCUG,IL6,1
Psoriasis ,hsa-mir-146b,UGAGAACUGAAUUCCAUAGGCUG,TRAF6,1
Psoriasis ,hsa-mir-146b,UGAGAACUGAAUUCCAUAGGCUG,IRAK1,1
Psoriasis ,hsa-mir-146b,UGAGAACUGAAUUCCAUAGGCUG,NOVA1,1
Psoriasis ,hsa-mir-146b,UGAGAACUGAAUUCCAUAGGCUG,CARD10,1
Psoriasis ,hsa-mir-146b,UGAGAACUGAAUUCCAUAGGCUG,C9orf72,1
Psoriasis ,hsa-mir-125b,UCCCUGAGACCCUAACUUGUGA,TP53,1
Psoriasis ,hsa-mir-125b,UCCCUGAGACCCUAACUUGUGA,BMF,1
Psoriasis ,hsa-mir-125b,UCCCUGAGACCCUAACUUGUGA,BLZF1,1
Psoriasis ,hsa-mir-125b,UCCCUGAGACCCUAACUUGUGA,BAK1,1
Psoriasis ,hsa-mir-125b,UCCCUGAGACCCUAACUUGUGA,NBEAL2,1
Psoriasis ,hsa-mir-210,CUGUGCGUGUGACAGCGGCUGA,IGF2,1
Psoriasis ,hsa-mir-210,CUGUGCGUGUGACAGCGGCUGA,GALR2,1
Psoriasis ,hsa-mir-210,CUGUGCGUGUGACAGCGGCUGA,KMT2D,1
Psoriasis ,hsa-mir-210,CUGUGCGUGUGACAGCGGCUGA,BDNF,1
Psoriasis ,hsa-mir-210,CUGUGCGUGUGACAGCGGCUGA,RUNX3,1
Psoriasis ,hsa-mir-210,CUGUGCGUGUGACAGCGGCUGA,GIT2,1
Psoriasis ,hsa-mir-193b,AACUGGCCCUCAAAGUCCCGCU,MAPK10,1
Psoriasis ,hsa-mir-193b,AACUGGCCCUCAAAGUCCCGCU,PIGA,1
Psoriasis ,hsa-mir-193b,AACUGGCCCUCAAAGUCCCGCU,ERBB4,1
Psoriasis ,hsa-mir-193b,AACUGGCCCUCAAAGUCCCGCU,FLI1,1
Psoriasis ,hsa-mir-193b,AACUGGCCCUCAAAGUCCCGCU,KCNJ2,1
Psoriasis ,hsa-mir-142,UGUAGUGUUUCCUACUUUAUGGA,SOD2,1
Psoriasis ,hsa-mir-142,UGUAGUGUUUCCUACUUUAUGGA,ZEB2,1
Psoriasis ,hsa-mir-142,UGUAGUGUUUCCUACUUUAUGGA,CLOCK,1
Psoriasis ,hsa-mir-142,UGUAGUGUUUCCUACUUUAUGGA,ITGB8,1
Psoriasis ,hsa-mir-142,UGUAGUGUUUCCUACUUUAUGGA,FMNL2,1
Psoriasis ,hsa-mir-142,UGUAGUGUUUCCUACUUUAUGGA,ITGAV,1
Psoriasis ,hsa-mir-125b-1,ACGGGUUAGGCUCUUGGGAGCU,TP53,1
Psoriasis ,hsa-mir-125b-1,ACGGGUUAGGCUCUUGGGAGCU,BCL11B,1
Psoriasis ,hsa-mir-125b-1,ACGGGUUAGGCUCUUGGGAGCU,TSHZ3,1
Psoriasis ,hsa-mir-125b-1,ACGGGUUAGGCUCUUGGGAGCU,USP9X,1
Psoriasis ,hsa-mir-125b-1,ACGGGUUAGGCUCUUGGGAGCU,S1PR1,1
Psoriasis ,hsa-mir-125b-2,UCACAAGUCAGGCUCUUGGGAC,DR1,1
Psoriasis ,hsa-mir-125b-2,UCACAAGUCAGGCUCUUGGGAC,TRAF3,1
Psoriasis ,hsa-mir-125b-2,UCACAAGUCAGGCUCUUGGGAC,PCNA,1
Psoriasis ,hsa-mir-125b-2,UCACAAGUCAGGCUCUUGGGAC,LPAR5,1
Psoriasis ,hsa-mir-125b-2,UCACAAGUCAGGCUCUUGGGAC,BCL2L11,1
Psoriasis ,hsa-mir-138,AGCUGGUGUUGUGAAUCAGGCCG,THRB,1
Psoriasis ,hsa-mir-138,AGCUGGUGUUGUGAAUCAGGCCG,ANK1,1
Psoriasis ,hsa-mir-138,AGCUGGUGUUGUGAAUCAGGCCG,AGO1,1
Psoriasis ,hsa-mir-138,AGCUGGUGUUGUGAAUCAGGCCG,USP10,1
Psoriasis ,hsa-mir-181b,AACAUUCAUUGCUGUCGGUGGGU,DDX3X,1
Psoriasis ,hsa-mir-181b,AACAUUCAUUGCUGUCGGUGGGU,ZFP90,1
Psoriasis ,hsa-mir-181b,AACAUUCAUUGCUGUCGGUGGGU,KMT2A,1
Psoriasis ,hsa-mir-181b,AACAUUCAUUGCUGUCGGUGGGU,ZFP36L2,1
Psoriasis ,hsa-mir-876,UGGUGGUUUACAAAGUAAUUCA,IFNA16,1
Psoriasis ,hsa-mir-876,UGGUGGUUUACAAAGUAAUUCA,DMD,1
Psoriasis ,hsa-mir-876,UGGUGGUUUACAAAGUAAUUCA,CLDN3,1
Psoriasis ,hsa-mir-99a,AACCCGUAGAUCCGAUCUUGUG,MTOR,1
Psoriasis ,hsa-mir-99a,AACCCGUAGAUCCGAUCUUGUG,RAVER2,1
Psoriasis ,hsa-mir-99a,AACCCGUAGAUCCGAUCUUGUG,HS3ST2,1
Psoriasis ,hsa-mir-99a,AACCCGUAGAUCCGAUCUUGUG,NOX4,1
Psoriasis ,hsa-mir-99a,AACCCGUAGAUCCGAUCUUGUG,PCSK9,1
Inflammatory Bowel Diseases,hsa-mir-124,UAAGGCACGCGGUGAAUGCCAA,SLC50A1,1
Inflammatory Bowel Diseases,hsa-mir-124,UAAGGCACGCGGUGAAUGCCAA,ITGB1,1
Inflammatory Bowel Diseases,hsa-mir-124,UAAGGCACGCGGUGAAUGCCAA,NFATC1,1
Inflammatory Bowel Diseases,hsa-mir-124,UAAGGCACGCGGUGAAUGCCAA,SNAI2,1
Inflammatory Bowel Diseases,hsa-mir-124,UAAGGCACGCGGUGAAUGCCAA,MAGT1,1
Inflammatory Bowel Diseases,hsa-mir-124,UAAGGCACGCGGUGAAUGCCAA,LRRC1,1
Inflammatory Bowel Diseases,hsa-mir-1246,AAUGGAUUUUUGGAGCAGG,GLRB,1
Inflammatory Bowel Diseases,hsa-mir-1246,AAUGGAUUUUUGGAGCAGG,ANTXR2,1
Inflammatory Bowel Diseases,hsa-mir-1246,AAUGGAUUUUUGGAGCAGG,SCN3A,1
Inflammatory Bowel Diseases,hsa-mir-1246,AAUGGAUUUUUGGAGCAGG,ADAT2,1
Inflammatory Bowel Diseases,hsa-mir-1246,AAUGGAUUUUUGGAGCAGG,NDFIP1,1
Inflammatory Bowel Diseases,hsa-mir-1246,AAUGGAUUUUUGGAGCAGG,TNFRSF8,1
Inflammatory Bowel Diseases,hsa-mir-133,UUUGGUCCCCUUCAACCAGCUG,SLC6A1,1
Inflammatory Bowel Diseases,hsa-mir-133,UUUGGUCCCCUUCAACCAGCUG,FBN1,1
Inflammatory Bowel Diseases,hsa-mir-133,UUUGGUCCCCUUCAACCAGCUG,SGPP1,1
Inflammatory Bowel Diseases,hsa-mir-133,UUUGGUCCCCUUCAACCAGCUG,PRDM1,1
Inflammatory Bowel Diseases,hsa-mir-193a,AACUGGCCUACAAAGUCCCAGU,ERBB4,1
Inflammatory Bowel Diseases,hsa-mir-193a,AACUGGCCUACAAAGUCCCAGU,FLI1,1
Inflammatory Bowel Diseases,hsa-mir-193a,AACUGGCCUACAAAGUCCCAGU,KCNJ2,1
Inflammatory Bowel Diseases,hsa-mir-193a,AACUGGCCUACAAAGUCCCAGU,IL17RD,1
Inflammatory Bowel Diseases,hsa-mir-193a,AACUGGCCUACAAAGUCCCAGU,NT5E,1
Inflammatory Bowel Diseases,hsa-mir-200b,UAAUACUGCCUGGUAAUGAUGA,MAP2,1
Inflammatory Bowel Diseases,hsa-mir-200b,UAAUACUGCCUGGUAAUGAUGA,ERRFI1,1
Inflammatory Bowel Diseases,hsa-mir-200b,UAAUACUGCCUGGUAAUGAUGA,NR5A2,1
Inflammatory Bowel Diseases,hsa-mir-200b,UAAUACUGCCUGGUAAUGAUGA,ZEB2,1
Inflammatory Bowel Diseases,hsa-mir-200b,UAAUACUGCCUGGUAAUGAUGA,RECK,1
Inflammatory Bowel Diseases,hsa-mir-200b,UAAUACUGCCUGGUAAUGAUGA,SLIT2,1
Inflammatory Bowel Diseases,hsa-mir-200b,UAAUACUGCCUGGUAAUGAUGA,WIPF1,1
Inflammatory Bowel Diseases,hsa-mir-200b,UAAUACUGCCUGGUAAUGAUGA,PTPN21,1
Inflammatory Bowel Diseases,hsa-mir-224,UCAAGUCACUAGUGGUUCCGUUUAG,STIM2,1
Inflammatory Bowel Diseases,hsa-mir-224,UCAAGUCACUAGUGGUUCCGUUUAG,SFRP2,1
Inflammatory Bowel Diseases,hsa-mir-224,UCAAGUCACUAGUGGUUCCGUUUAG,HOXD13,1
Inflammatory Bowel Diseases,hsa-mir-224,UCAAGUCACUAGUGGUUCCGUUUAG,SGCB,1
Inflammatory Bowel Diseases,hsa-mir-320,AAAAGCUGGGUUGAGAGGGCGA,SH2B3,1
Inflammatory Bowel Diseases,hsa-mir-320,AAAAGCUGGGUUGAGAGGGCGA,KITLG,1
Inflammatory Bowel Diseases,hsa-mir-320,AAAAGCUGGGUUGAGAGGGCGA,GPBP1,1
Inflammatory Bowel Diseases,hsa-mir-320,AAAAGCUGGGUUGAGAGGGCGA,GCG,1
Inflammatory Bowel Diseases,hsa-mir-320,AAAAGCUGGGUUGAGAGGGCGA,ITGB1,1
Inflammatory Bowel Diseases,hsa-mir-34c,AGGCAGUGUAGUUAGCUGAUUGC,FKBP1B,1
Inflammatory Bowel Diseases,hsa-mir-34c,AGGCAGUGUAGUUAGCUGAUUGC,SYT1,1
Inflammatory Bowel Diseases,hsa-mir-34c,AGGCAGUGUAGUUAGCUGAUUGC,FAM167A,1
Inflammatory Bowel Diseases,hsa-mir-34c,AGGCAGUGUAGUUAGCUGAUUGC,SATB2,1
Inflammatory Bowel Diseases,hsa-mir-34c,AGGCAGUGUAGUUAGCUGAUUGC,MET,1
Inflammatory Bowel Diseases,hsa-mir-595,GAAGUGUGCCGUGGUGUGUCU,NCAM1,1
Inflammatory Bowel Diseases,hsa-mir-595,GAAGUGUGCCGUGGUGUGUCU,UBASH3B,1
Inflammatory Bowel Diseases,hsa-mir-595,GAAGUGUGCCGUGGUGUGUCU,CLOCK,1
Inflammatory Bowel Diseases,hsa-mir-595,GAAGUGUGCCGUGGUGUGUCU,SLC30A8,1
Inflammatory Bowel Diseases,hsa-mir-595,GAAGUGUGCCGUGGUGUGUCU,SPRED1,1
Inflammatory Bowel Diseases,hsa-mir-595,GAAGUGUGCCGUGGUGUGUCU,ROCK2,1
Inflammatory Bowel Diseases,hsa-mir-99b,CACCCGUAGAACCGACCUUGCG,WIPF1,1
Inflammatory Bowel Diseases,hsa-mir-99b,CACCCGUAGAACCGACCUUGCG,MTOR,1
Inflammatory Bowel Diseases,hsa-mir-99b,CACCCGUAGAACCGACCUUGCG,RAVER2,1
Inflammatory Bowel Diseases,hsa-mir-99b,CACCCGUAGAACCGACCUUGCG,HS3ST2,1
Inflammatory Bowel Diseases,hsa-mir-99b,CACCCGUAGAACCGACCUUGCG,NOX4,1
Inflammatory Bowel Diseases,hsa-mir-99b,CACCCGUAGAACCGACCUUGCG,PCSK9,1
Inflammatory Bowel Diseases,hsa-mir-200c,UAAUACUGCCGGGUAAUGAUGGA,WIPF1,1
Inflammatory Bowel Diseases,hsa-mir-200c,UAAUACUGCCGGGUAAUGAUGGA,ERRFI1,1
Inflammatory Bowel Diseases,hsa-mir-200c,UAAUACUGCCGGGUAAUGAUGGA,NR5A2,1
Inflammatory Bowel Diseases,hsa-mir-200c,UAAUACUGCCGGGUAAUGAUGGA,ZEB2,1
Inflammatory Bowel Diseases,hsa-mir-200c,UAAUACUGCCGGGUAAUGAUGGA,RECK,1
Inflammatory Bowel Diseases,hsa-mir-200c,UAAUACUGCCGGGUAAUGAUGGA,SLIT2,1
Inflammatory Bowel Diseases,hsa-mir-200c,UAAUACUGCCGGGUAAUGAUGGA,WIPF1,1
Inflammatory Bowel Diseases,hsa-mir-200c,UAAUACUGCCGGGUAAUGAUGGA,PTPN21,1
Inflammatory Bowel Diseases,hsa-mir-10a,UACCCUGUAGAUCCGAAUUUGUG,SFRP1,1
Inflammatory Bowel Diseases,hsa-mir-10a,UACCCUGUAGAUCCGAAUUUGUG,CADM2,1
Inflammatory Bowel Diseases,hsa-mir-10a,UACCCUGUAGAUCCGAAUUUGUG,RORA,1
Inflammatory Bowel Diseases,hsa-mir-10a,UACCCUGUAGAUCCGAAUUUGUG,EBF2,1
Inflammatory Bowel Diseases,hsa-mir-10a,UACCCUGUAGAUCCGAAUUUGUG,CREB1,1
Inflammatory Bowel Diseases,hsa-mir-10a,UACCCUGUAGAUCCGAAUUUGUG,MAP3K7,1
Inflammatory Bowel Diseases,hsa-mir-10a,UACCCUGUAGAUCCGAAUUUGUG,TIAM1,1
Inflammatory Bowel Diseases,hsa-mir-10a,UACCCUGUAGAUCCGAAUUUGUG,CRK,1
Inflammatory Bowel Diseases,hsa-mir-424,CAGCAGCAAUUCAUGUUUUGAA,CUL2,1
Inflammatory Bowel Diseases,hsa-mir-424,CAGCAGCAAUUCAUGUUUUGAA,PAPPA,1
Inflammatory Bowel Diseases,hsa-mir-424,CAGCAGCAAUUCAUGUUUUGAA,FGF2,1
Inflammatory Bowel Diseases,hsa-mir-424,CAGCAGCAAUUCAUGUUUUGAA,LSM11,1
Inflammatory Bowel Diseases,hsa-mir-424,CAGCAGCAAUUCAUGUUUUGAA,CCNE1,1
Inflammatory Bowel Diseases,hsa-mir-424,CAGCAGCAAUUCAUGUUUUGAA,ATG14,1
Inflammatory Bowel Diseases,hsa-mir-424,CAGCAGCAAUUCAUGUUUUGAA,BTRC,1
Inflammatory Bowel Diseases,hsa-mir-424,CAGCAGCAAUUCAUGUUUUGAA,FGF7,1
Inflammatory Bowel Diseases,hsa-mir-505,CGUCAACACUUGCUGGUUUCCU,APC2,1
Inflammatory Bowel Diseases,hsa-mir-505,CGUCAACACUUGCUGGUUUCCU,HMGB1,1
Inflammatory Bowel Diseases,hsa-mir-505,CGUCAACACUUGCUGGUUUCCU,VGLL3,1
Inflammatory Bowel Diseases,hsa-mir-505,CGUCAACACUUGCUGGUUUCCU,SCLT1,1
Inflammatory Bowel Diseases,hsa-mir-505,CGUCAACACUUGCUGGUUUCCU,ROR1,1
Inflammatory Bowel Diseases,hsa-mir-505,CGUCAACACUUGCUGGUUUCCU,ABL2,1
Inflammatory Bowel Diseases,hsa-mir-186,CAAAGAAUUCUCCUUUUGGGCU,TNFSF15,1
Inflammatory Bowel Diseases,hsa-mir-186,CAAAGAAUUCUCCUUUUGGGCU,STK17B,1
Inflammatory Bowel Diseases,hsa-mir-186,CAAAGAAUUCUCCUUUUGGGCU,RB1CC1,1
Inflammatory Bowel Diseases,hsa-mir-186,CAAAGAAUUCUCCUUUUGGGCU,HNMT,1
Inflammatory Bowel Diseases,hsa-mir-186,CAAAGAAUUCUCCUUUUGGGCU,PDE10A,1
Asthma,hsa-let-7g,CUGUACAGGCCACUGCCUUGC,IL13,0
Asthma,hsa-let-7g,CUGUACAGGCCACUGCCUUGC,IKZF3,0
Asthma,hsa-mir-16,UAGCAGCACGUAAAUAUUGGCG,BCL2,0
Asthma,hsa-mir-16,UAGCAGCACGUAAAUAUUGGCG,MYB,0
Asthma,hsa-mir-216a,UAAUCUCAGCUGGCAACUGUGA,PTEN,0
Asthma,hsa-mir-216a,UAAUCUCAGCUGGCAACUGUGA,LIFR,0
Asthma,hsa-mir-216a,UAAUCUCAGCUGGCAACUGUGA,HMOX1,0
Asthma,hsa-let-7c,CUGUACAACCUUCUAGCUUUCC,HMOX1,0
Asthma,hsa-let-7c,CUGUACAACCUUCUAGCUUUCC,EDN1,0
Asthma,hsa-mir-143,UGAGAUGAAGCACUGUAGCUC,IKZF3,0
Asthma,hsa-mir-143,UGAGAUGAAGCACUGUAGCUC,ADCY2,0
Asthma,hsa-mir-143,UGAGAUGAAGCACUGUAGCUC,IDS,0
Asthma,hsa-mir-143,UGAGAUGAAGCACUGUAGCUC,MMP9,0
Asthma,hsa-mir-192,CUGACCUAUGAAUUGACAGCC,IKZF3,0
Asthma,hsa-mir-192,CUGACCUAUGAAUUGACAGCC,BCL2,0
Asthma,hsa-mir-485,GUCAUACACGGCUCUCCUCUCU,PGM3,0
Asthma,hsa-mir-485,GUCAUACACGGCUCUCCUCUCU,KIF3A,0
Asthma,hsa-mir-485,GUCAUACACGGCUCUCCUCUCU,RAD50,0
Asthma,hsa-mir-485,GUCAUACACGGCUCUCCUCUCU,IDS,0
Asthma,hsa-mir-485,GUCAUACACGGCUCUCCUCUCU,CASP8,0
Asthma,hsa-mir-485,GUCAUACACGGCUCUCCUCUCU,IKZF3,0
Asthma,hsa-let-7a,UGAGGUAGUAGGUUGUAUAGUU,ARG2,0
Asthma,hsa-let-7a,UGAGGUAGUAGGUUGUAUAGUU,EDN1,0
Asthma,hsa-let-7a,UGAGGUAGUAGGUUGUAUAGUU,BCN1,0
Asthma,hsa-let-7a,UGAGGUAGUAGGUUGUAUAGUU,IDS,0
Asthma,hsa-mir-21,UAGCUUAUCAGACUGAUGUUGA,IKZF3,0
Asthma,hsa-mir-21,UAGCUUAUCAGACUGAUGUUGA,BCL2,0
Asthma,hsa-mir-21,UAGCUUAUCAGACUGAUGUUGA,LIFR,0
Asthma,hsa-mir-93,CAAAGUGCUGUUCGUGCAGGUAG,TIMP3,0
Asthma,hsa-mir-93,CAAAGUGCUGUUCGUGCAGGUAG,CCL5,0
Asthma,hsa-mir-93,CAAAGUGCUGUUCGUGCAGGUAG,PTEN,0
Asthma,hsa-mir-93,CAAAGUGCUGUUCGUGCAGGUAG,ORMDL3,0
Asthma,hsa-mir-223,UGUCAGUUUGUCAAAUACCCCA,BCL2,0
Asthma,hsa-mir-223,UGUCAGUUUGUCAAAUACCCCA,LIFR,0
Asthma,hsa-mir-128,CGGGGCCGUAGCACUGUCUGAGA,CFTR,0
Asthma,hsa-mir-128,CGGGGCCGUAGCACUGUCUGAGA,PTEN,0
Asthma,hsa-mir-185,UGGAGAGAAAGGCAGUUCCUGA,BCL2,0
Asthma,hsa-mir-185,UGGAGAGAAAGGCAGUUCCUGA,IDS,0
Asthma,hsa-mir-185,UGGAGAGAAAGGCAGUUCCUGA,PPP2CA,0
Asthma,hsa-let-7i,UGAGGUAGUAGUUUGUGCUGUU,BCL2,0
Asthma,hsa-let-7i,UGAGGUAGUAGUUUGUGCUGUU,EDN1,0
Asthma,hsa-let-7i,UGAGGUAGUAGUUUGUGCUGUU,IL13,0
Asthma,hsa-mir-200c,UAAUACUGCCGGGUAAUGAUGGA,IKZF3,0
Asthma,hsa-mir-200c,UAAUACUGCCGGGUAAUGAUGGA,PTEN,0
Asthma,hsa-mir-200c,UAAUACUGCCGGGUAAUGAUGGA,BCL2,0
Asthma,hsa-mir-152,UCAGUGCAUGACAGAACUUGG,VEGFA,0
Asthma,hsa-mir-152,UCAGUGCAUGACAGAACUUGG,PTEN,0
Asthma,hsa-let-7b,UGAGGUAGUAGGUUGUGUGGUU,DNMT1,0
Asthma,hsa-let-7b,UGAGGUAGUAGGUUGUGUGGUU,EDN1,0
Asthma,hsa-let-7b,UGAGGUAGUAGGUUGUGUGGUU,PGM3,0
Asthma,hsa-let-7f,UGAGGUAGUAGAUUGUAUAGUU,HLA-DRB1,0
Asthma,hsa-let-7f,UGAGGUAGUAGAUUGUAUAGUU,EDN1,0
Asthma,hsa-let-7f,UGAGGUAGUAGAUUGUAUAGUU,IL13,0
Asthma,hsa-mir-23b,AUCACAUUGCCAGGGAUUACCAC,IKZF3,0
Asthma,hsa-mir-23b,AUCACAUUGCCAGGGAUUACCAC,PTEN,0
Asthma,hsa-mir-224,UCAAGUCACUAGUGGUUCCGUUUAG,IKZF3,0
Asthma,hsa-mir-224,UCAAGUCACUAGUGGUUCCGUUUAG,MKKS,0
Asthma,hsa-mir-224,UCAAGUCACUAGUGGUUCCGUUUAG,BCL2,0
Asthma,hsa-let-7e,UGAGGUAGGAGGUUGUAUAGUU,PPP2CA,0
Asthma,hsa-let-7e,UGAGGUAGGAGGUUGUAUAGUU,MMP9,0
Asthma,hsa-let-7e,UGAGGUAGGAGGUUGUAUAGUU,IKZF3,0
Asthma,hsa-mir-483,UCACUCCUCUCCUCCCGUCUU,BCL2,0
Asthma,hsa-mir-483,UCACUCCUCUCCUCCCGUCUU,TNF,0
Asthma,hsa-mir-483,UCACUCCUCUCCUCCCGUCUU,LIFR,0
Asthma,hsa-mir-483,UCACUCCUCUCCUCCCGUCUU,IKZF3,0
Asthma,hsa-mir-448,UUGCAUAUGUAGGAUGUCCCAU,CTNNA3,0
Asthma,hsa-mir-448,UUGCAUAUGUAGGAUGUCCCAU,BCL2,0
Asthma,hsa-mir-448,UUGCAUAUGUAGGAUGUCCCAU,PDE4D,0
Asthma,hsa-mir-448,UUGCAUAUGUAGGAUGUCCCAU,MYB,0
Asthma,hsa-mir-145,GUCCAGUUUUCCCAGGAAUCCCU,BCL2,0
Asthma,hsa-mir-145,GUCCAGUUUUCCCAGGAAUCCCU,HLA-G,0
Asthma,hsa-mir-155,UUAAUGCUAAUCGUGAUAGGGGUU,PTEN,0
Asthma,hsa-mir-155,UUAAUGCUAAUCGUGAUAGGGGUU,TIMP3,0
Asthma,hsa-mir-155,UUAAUGCUAAUCGUGAUAGGGGUU,ICAM1,0
Asthma,hsa-mir-9,UCUUUGGUUAUCUAGCUGUAUGA,DNMT1,0
Asthma,hsa-mir-9,UCUUUGGUUAUCUAGCUGUAUGA,ORMDL3,0
Asthma,hsa-mir-133a,UUUGGUCCCCUUCAACCAGCUG,IKZF3,0
Asthma,hsa-mir-133a,UUUGGUCCCCUUCAACCAGCUG,MMP9,0
Asthma,hsa-mir-126,UCGUACCGUGAGUAAUAAUGCG,VEGFA,0
Asthma,hsa-mir-126,UCGUACCGUGAGUAAUAAUGCG,BCL2,0
Asthma,hsa-mir-126,UCGUACCGUGAGUAAUAAUGCG,PGM3,0
Asthma,hsa-mir-744,UGCGGGGCUAGGGCUAACAGCA,VEGFA,0
Asthma,hsa-mir-744,UGCGGGGCUAGGGCUAACAGCA,PTEN,0
Anemia,hsa-mir-144,UACAGUAUAGAUGAUGUACU,SOD2,0
Anemia,hsa-mir-144,UACAGUAUAGAUGAUGUACU,SMAD4,0
Anemia,hsa-mir-144,UACAGUAUAGAUGAUGUACU,ZBTB20,0
Anemia,hsa-mir-34a,UGGCAGUGUCUUAGCUGGUUGU,ATG5,0
Anemia,hsa-mir-34a,UGGCAGUGUCUUAGCUGGUUGU,SMAD4,0
Anemia,hsa-mir-34a,UGGCAGUGUCUUAGCUGGUUGU,BIRC3,0
Anemia,hsa-mir-34a,UGGCAGUGUCUUAGCUGGUUGU,AK2,0
Anemia,hsa-mir-34a,UGGCAGUGUCUUAGCUGGUUGU,TNF,0
Anemia,hsa-mir-34a,UGGCAGUGUCUUAGCUGGUUGU,MLX,0
Anemia,hsa-mir-151a,CUAGACUGAAGCUCCUUGAGG,NOP10,0
Anemia,hsa-mir-151a,CUAGACUGAAGCUCCUUGAGG,ZBTB24,0
Anemia,hsa-mir-151a,CUAGACUGAAGCUCCUUGAGG,MPL,0
Anemia,hsa-mir-151a,CUAGACUGAAGCUCCUUGAGG,PFKM,0
Anemia,hsa-mir-26b,UUCAAGUAAUUCAGGAUAGGU,TINF2,0
Anemia,hsa-mir-26b,UUCAAGUAAUUCAGGAUAGGU,ZBTB20,0
Anemia,hsa-mir-26b,UUCAAGUAAUUCAGGAUAGGU,CCND1,0
Anemia,hsa-mir-26b,UUCAAGUAAUUCAGGAUAGGU,IL3,0
Anemia,hsa-mir-26b,UUCAAGUAAUUCAGGAUAGGU,ABCD4,0
Skin Neoplasms,hsa-mir-302b,UCAGUGCACUACAGAACUUUGU,ERBB4,0
Skin Neoplasms,hsa-mir-302b,UCAGUGCACUACAGAACUUUGU,CD28,0
Skin Neoplasms,hsa-mir-148a,UCAGUGCACUACAGAACUUUGU,PPARD,0
Skin Neoplasms,hsa-mir-146a,UGAGAACUGAAUUCCAUGGGUU,ERBB4,0
Skin Neoplasms,hsa-mir-146a,UGAGAACUGAAUUCCAUGGGUU,SOD2,0
Skin Neoplasms,hsa-mir-302a,UAAGUGCUUCCAUGUUUUGGUGA,CD28,0
Skin Neoplasms,hsa-mir-302a,UAAGUGCUUCCAUGUUUUGGUGA,IGF1,0
Skin Neoplasms,hsa-mir-302a,UAAGUGCUUCCAUGUUUUGGUGA,IGF1R,0
Skin Neoplasms,hsa-mir-383,ACAGCACUGCCUGGUCAGA,IGF1R,0
Skin Neoplasms,hsa-mir-383,ACAGCACUGCCUGGUCAGA,CHEK2,0
Skin Neoplasms,hsa-mir-302c,UAAGUGCUUCCAUGUUUCAGUGG,PPARD,0
Skin Neoplasms,hsa-mir-302c,UAAGUGCUUCCAUGUUUCAGUGG,AKT1,0
Skin Neoplasms,hsa-mir-302c,UAAGUGCUUCCAUGUUUCAGUGG,CD28,0
Skin Neoplasms,hsa-mir-302c,UAAGUGCUUCCAUGUUUCAGUGG,IGF1R,0
